{
    "webName":"起点",
    "version":2,
    "homeURL":"http://a.qidian.com/",

    "bookClassList":
    [
        {
            "name":"男生频道00",
            "type": 0,
            "weight": 100,
            "list":
            [
                {
                    "name": "全部新测试",
                    "url": "http://a.qidian.com/?orderId=&style=1&pageSize=20&siteid=1&hiddenField=0&page=%d",
                    "pageBeginIndex":1,
                    "maxPageCount":-1,
                    "resultEncode":"utf8",
                    "handleJson": "qd_classHandle" 
                },
                {
                    "name": "玄幻",
                    "url": "http://a.qidian.com/?chanId=21&orderId=&style=1&pageSize=20&siteid=1&hiddenField=0&page=%d",
                    "pageBeginIndex":1,
                    "handleJson": "qd_classHandle"
                },
                {
                    "name": "奇幻",
                    "url": "http://a.qidian.com/?chanId=1&orderId=&style=1&pageSize=20&siteid=1&hiddenField=0&page=%d",
                    "pageBeginIndex":1,
                    "handleJson": "qd_classHandle"
                },
                {
                    "name": "武侠",
                    "url": "http://a.qidian.com/?chanId=2&orderId=&style=1&pageSize=20&siteid=1&hiddenField=0&page=%d",
                    "pageBeginIndex":1,
                    "handleJson": "qd_classHandle"
                },
                {
                    "name": "仙侠",
                    "url": "http://a.qidian.com/?chanId=22&orderId=&style=1&pageSize=20&siteid=1&hiddenField=0&page=%d",
                    "pageBeginIndex":1,
                    "handleJson": "qd_classHandle"
                },
                {
                    "name": "都市",
                    "url": "http://a.qidian.com/?chanId=4&orderId=&style=1&pageSize=20&siteid=1&hiddenField=0&page=%d",
                    "pageBeginIndex":1,
                    "handleJson": "qd_classHandle"
                },
                {
                    "name": "现实",
                    "url": "http://a.qidian.com/?chanId=15&orderId=&style=1&pageSize=20&siteid=1&hiddenField=0&page=%d",
                    "pageBeginIndex":1,
                    "handleJson": "qd_classHandle"
                },
                {
                    "name": "军事",
                    "url": "http://a.qidian.com/?chanId=6&orderId=&style=1&pageSize=20&siteid=1&hiddenField=0&page=%d",
                    "pageBeginIndex":1,
                    "handleJson": "qd_classHandle"
                },
                {
                    "name": "历史",
                    "url": "http://a.qidian.com/?chanId=5&orderId=&style=1&pageSize=20&siteid=1&hiddenField=0&page=%d",
                    "pageBeginIndex":1,
                    "handleJson": "qd_classHandle"
                },
                {
                    "name": "游戏",
                    "url": "http://a.qidian.com/?chanId=7&orderId=&style=1&pageSize=20&siteid=1&hiddenField=0&page=%d",
                    "pageBeginIndex":1,
                    "handleJson": "qd_classHandle"
                },
                {
                    "name": "体育",
                    "url": "http://a.qidian.com/?chanId=8&orderId=&style=1&pageSize=20&siteid=1&hiddenField=0&page=%d",
                    "pageBeginIndex":1,
                    "handleJson": "qd_classHandle"
                },
                {
                    "name": "科幻",
                    "url": "http://a.qidian.com/?chanId=9&orderId=&style=1&pageSize=20&siteid=1&hiddenField=0&page=%d",
                    "pageBeginIndex":1,
                    "handleJson": "qd_classHandle"
                },
                {
                    "name": "灵异",
                    "url": "http://a.qidian.com/?chanId=10&orderId=&style=1&pageSize=20&siteid=1&hiddenField=0&page=%d",
                    "pageBeginIndex":1,
                    "handleJson": "qd_classHandle"
                },
                {
                    "name": "二次元",
                    "url": "http://a.qidian.com/?chanId=12&orderId=&style=1&pageSize=20&siteid=1&hiddenField=0&page=%d",
                    "pageBeginIndex":1,
                    "handleJson": "qd_classHandle"
                },
                {
                    "name": "短篇",
                    "url": "http://a.qidian.com/?chanId=20076&orderId=&style=1&pageSize=20&siteid=1&hiddenField=0&page=%d",
                    "pageBeginIndex":1,
                    "handleJson": "qd_classHandle"
                }
            ]
        },
        {
            "name":"女生频道",
            "type": 1,
            "weight": 100,
            "list":
            [
                {
                    "name": "全部",
                    "url": "http://a.qidian.com/mm?orderId=&style=1&pageSize=20&siteid=0&hiddenField=0&page=%d",
                    "pageBeginIndex":1,
                    "maxPageCount":-1,
                    "resultEncode":"utf8",
                    "handleJson": "qd_classHandle"
                },
                {
                    "name": "古代言情",
                    "url": "http://a.qidian.com/mm?chanId=80&orderId=&style=1&pageSize=20&siteid=0&hiddenField=0&page=%d",
                    "pageBeginIndex":1,
                    "maxPageCount":-1,
                    "resultEncode":"utf8",
                    "handleJson": "qd_classHandle"
                },
                {
                    "name": "仙侠奇缘",
                    "url": "http://a.qidian.com/mm?chanId=81&orderId=&style=1&pageSize=20&siteid=0&hiddenField=0&page=%d",
                    "pageBeginIndex":1,
                    "maxPageCount":-1,
                    "resultEncode":"utf8",
                    "handleJson": "qd_classHandle"
                },
                {
                    "name": "现代言情",
                    "url": "http://a.qidian.com/mm?chanId=82&orderId=&style=1&pageSize=20&siteid=0&hiddenField=0&page=%d",
                    "pageBeginIndex":1,
                    "maxPageCount":-1,
                    "resultEncode":"utf8",
                    "handleJson": "qd_classHandle"
                },
                {
                    "name": "浪漫青春",
                    "url": "http://a.qidian.com/mm?chanId=83&orderId=&style=1&pageSize=20&siteid=0&hiddenField=0&page=%d",
                    "pageBeginIndex":1,
                    "maxPageCount":-1,
                    "resultEncode":"utf8",
                    "handleJson": "qd_classHandle"
                },
                {
                    "name": "玄幻言情",
                    "url": "http://a.qidian.com/mm?chanId=84&orderId=&style=1&pageSize=20&siteid=0&hiddenField=0&page=%d",
                    "pageBeginIndex":1,
                    "maxPageCount":-1,
                    "resultEncode":"utf8",
                    "handleJson": "qd_classHandle"
                },
                {
                    "name": "悬疑灵异",
                    "url": "http://a.qidian.com/mm?chanId=85&orderId=&style=1&pageSize=20&siteid=0&hiddenField=0&page=%d",
                    "pageBeginIndex":1,
                    "maxPageCount":-1,
                    "resultEncode":"utf8",
                    "handleJson": "qd_classHandle"
                },
                {
                    "name": "科幻空间",
                    "url": "http://a.qidian.com/mm?chanId=86&orderId=&style=1&pageSize=20&siteid=0&hiddenField=0&page=%d",
                    "pageBeginIndex":1,
                    "maxPageCount":-1,
                    "resultEncode":"utf8",
                    "handleJson": "qd_classHandle"
                },
                {
                    "name": "游戏竞技",
                    "url": "http://a.qidian.com/mm?chanId=88&orderId=&style=1&pageSize=20&siteid=0&hiddenField=0&page=%d",
                    "pageBeginIndex":1,
                    "maxPageCount":-1,
                    "resultEncode":"utf8",
                    "handleJson": "qd_classHandle"
                },
                {
                    "name": "N次元",
                    "url": "http://a.qidian.com/mm?chanId=87&orderId=&style=1&pageSize=20&siteid=0&hiddenField=0&page=%d",
                    "pageBeginIndex":1,
                    "maxPageCount":-1,
                    "resultEncode":"utf8",
                    "handleJson": "qd_classHandle"
                } 
            ]
        }
    ]
}
