{
    "webName":"笔趣阁",
    "version":1,
    "handleClass": "WebPageSource",
    "homeURL":"http://www.qu.la",

    "searchBook":
    {
        "keyEncode":"utf8",
        "weight": 10,
        "urlFormat":"http://zhannei.baidu.com/cse/search?q=%@&p=%d&s=920895234054625192&entry=1",
        "pageBeginIndex":0,
        "maxPageCount":5,
        "resultEncode":"utf8",
        "jxd_comment":"url的格式化必须先关键词,后页信息",

        "handle":[{"range":"bigRange"}],

        "array":
        {
            "compart":"<div class=\"result-item result-game-item\">",
            "handle":[{"replace":"<em>"},{"replace":"</em>"}]
        },

        "process":
        [
            {"bookName":   			[{"range":"bookName"},{"trim":"YES"}]},
            {"author":     			[{"range":"author"},{"replace":"<span>"},{"replace":"</span>"},{"trim":"YES"}]},
            {"coverUrl":     			[{"range":"coverUrl"}]},
            {"WebSource.dirURL":       [{"range":"dirURL"}, {"basicUrl":"http://www.qu.la/"}]},
            {"desc":       			[{"range":"desc"},{"trim":"YES"},{"replace":" "}]},
            {"typeText":       		[{"range":"typeText"},{"range":"getInfo"},{"replace":"小说|"}]},
            {"authorLastUpdateTime": 	[{"range":"authorLastUpdateTime"},{"range":"getInfo"}]},
            {"statusText":      		[{"range":"statusText"},{"range":"getInfo"}]}
        ],

        "functions":
        {
            "bigRange":
            {
                "frontSign":"<div class=\"result-item result-game-item\">",
                "frontOption":1,
                "backSign":"clear=\"all\">",
                "backOption":1
            },
            "coverUrl":
            {
                "frontSign":"<img src=\"",
                "frontOption":1,
                "backSign":"\"",
                "backOption":1
            },
            "bookName":
            {
                "frontSign":"title=\"",
                "frontOption":1,
                "backSign":"\"",
                "backOption":1
            },
            "dirURL":
            {
                "frontSign":"href=\"",
                "frontOption":1,
                "backSign":"\"",
                "backOption":1
            },
            "desc":
            {
                "frontSign":"<p class=\"result-game-item-desc\">",
                "frontOption":1,
                "backSign":"</p>",
                "backOption":1
            },
            "author":
            {
                "frontSign":"作者：</span>",
                "frontOption":1,
                "backSign":"</span>",
                "backOption":1
            },
            "typeText":
            {
                "frontSign":"类型：</span>",
                "frontOption":1,
                "backSign":"/span>",
                "backOption":1
            },
            "authorLastUpdateTime":
            {
                "frontSign":"更新时间：</span>",
                "frontOption":1,
                "backSign":"/span>",
                "backOption":1
            },
            "statusText":
            {
                "frontSign":"更新状态：</span>",
                "frontOption":1,
                "backSign":"/span>",
                "backOption":1
            },
            "getInfo":
            {
                "frontSign":">",
                "frontOption":1,
                "backSign":"<",
                "backOption":1
            }
        }
    },

    "updateBook":
    {
        "weight": 10,
        "resultEncode":"utf8",
        "handle":[{"range":"bigRange"}],

        "process":
        [
            {"desc": [{"range":"desc"},{"replace":"<p>"}, {"replace":"</p>|\n"}]},
            {"coverUrl":     			[{"range":"coverUrl"}, {"basicUrl":"http://www.qu.la/"}]},
            {"authorLastUpdateTime": [{"range":"authorLastUpdateTime"}]}
        ],

        "functions":
        {
            "bigRange":
            {
                "frontSign":"<div id=\"maininfo\">",
                "frontOption":1,
                "backSign":"<div id=\"list\">",
                "backOption":1
            },
            "desc":
            {
                "frontSign":"<div id=\"intro\">",
                "frontOption":1,
                "backSign":"</div>",
                "backOption":1
            },
            "coverUrl":
            {
                "frontSign":"src=\"",
                "frontOption":1,
                "backSign":"\"",
                "backOption":1
            },
            "authorLastUpdateTime":
            {
                "frontSign":"最后更新：",
                "frontOption":1,
                "backSign":"</p>",
                "backOption":1
            }
        }
    },

    "updateWebSource":
    {
        "weight": 10,
        "resultEncode":"utf8",
        "handle":[{"range":"bigRange"}],

        "array":
        {
            "compart":"</dd>"
        },

        "process":
        [
            {"url":   [{"range":"url"}]},
            {"title": [{"range":"title"}, {"rangeReplace":"title2"}]}
        ],

        "functions":
        {
            "bigRange":
            {
                "frontSign":"<dl>",
                "frontOption":1,
                "backSign":"</dl>",
                "backOption":1
            },
            "url":
            {
                "frontSign":"href=\"",
                "frontOption":1,
                "backSign":"\"",
                "backOption":1
            },
            "title":
            {
                "frontSign":"\">",
                "frontOption":1,
                "backSign":"</a>",
                "backOption":1
            },
            "title2":
            {
                "frontSign":"（",
                "frontOption":1,
                "backSign":"）",
                "backOption":1,
                "replaceText":""
            }
        }
    },

    "updateChapter":
    {
        "weight": 10,
        "resultEncode":"Gb2312",
        "handle":[],
        "process":
        [
            {"title": [{"range":"titleRange"}, {"trim":"YES"}]},
            {"content": [{"range":"content"},{"replace":"<script>readx();</script>"},{"replace":"<br />|\n"}, {"replace":"www.biquge.com"}, {"replace":"www.biquge.com.tw"}]}
        ],
        "functions":
        {
            "titleRange":
            {
                "frontSign":"<h1>",
                "frontOption":1,
                "backSign":"</h1>",
                "backOption":1
            },

            "content":
            {
                "frontSign":"<div id=\"content\">",
                "frontOption":1,
                "backSign":"</div>",
                "backOption":1
            }
        }
    }
}
