{
    "handle":[{"range":"bigRange"}],
    
    "array":
    {
        "compart":"data-rid="
    },
    
    "process":
    [
     {"coverUrl":               [{"range":"coverUrl"},{"basicUrl":"http://a.qidian.com/"}]},
     {"bookName":               [{"range":"bookName"},{"split":"splitForRight"},{"trim":"YES"}]},
     {"author":                 [{"range":"author"},{"split":"splitForRight"},{"trim":"YES"}]},
     {"desc":                   [{"range":"desc"},{"trim":"YES"}]},
     {"typeText":               [{"range":"typeText"}]},
     {"wordCount":              [{"range":"wordCount"},{"split":"splitForRight"}]},
     {"statusText":             [{"split":"statusText"},{"split":"statusText2"},{"range":"getInfo"},{"trim":"YES"}]}
     ],
    
    "functions":
    {
        "bigRange":
        {
            "frontSign":"all-book-list",
            "frontOption":1,
            "backSign":"</ul>",
            "backOption":1
        },
        "coverUrl":
        {
            "frontSign":"<img src=\"",
            "frontOption":1,
            "backSign":"\"",
            "backOption":1
        },
        "bookName":
        {
            "frontSign":"<h4>",
            "frontOption":1,
            "backSign":"</",
            "backOption":1
        },
        "splitForRight":
        {
            "findSign":">",
            "findOption":1,
            "forLeft":0
        },
        "desc":
        {
            "frontSign":"class=\"intro\">",
            "frontOption":1,
            "backSign":"</p>",
            "backOption":1
        },
        "author":
        {
            "frontSign":"class=\"name\"",
            "frontOption":1,
            "backSign":"</",
            "backOption":1
        },
        "typeText":
        {
            "frontSign":"data-eid=\"qd_B60\">",
            "frontOption":1,
            "backSign":"<",
            "backOption":1
        },
        "wordCount":
        {
            "frontSign":"class=\"update\">",
            "frontOption":1,
            "backSign":"</",
            "backOption":1
        },
        "statusText":
        {
            "findSign":"class=\"intro\">",
            "findOption":1,
            "forLeft":1
        },
        "statusText2":
        {
            "findSign":"<span",
            "findOption":5,
            "forLeft":0
        },
        "getInfo":
        {
            "frontSign":">",
            "frontOption":1,
            "backSign":"<",
            "backOption":1
        }
    }
}
