{"homeUrl":"https:\/\/www.lingyutxt.com","enable":true,"authorId":"6d2370e2088b9556423c257fd3f8c5dd","bookWorld":{},"httpConfigs":{"headers":{},"customFormatValueParam":"JxdSecuritySub.Gb2312Encoded:value","useCookies":true},"chapterDetail":{"forGetMethod":true,"parser":{"content":"div[@id==content]"},"params":{}},"weight":1,"priorityEncoding":4,"needSupportDynTask":true,"sourceDetail":{"forGetMethod":true,"parser":{"_1":{"_list":"dl.dd.a","title":"@text","url":"@href"}},"params":{}},"lastModifyTime":"2019-02-03 12:33:11","responseType":4,"searchBook":{"nextPageParams":{},"parser":{"author":"td[@class=odd][1].@text || p[@text =者：].@text#作    者： @=>","_1":{"dirURL":["td[@class=odd].a.@href","@dyn:check(content, return content);\nreturn self.currentRequestUrl"]},"wordCount":"td[@class=even][1]","_list":"tr[@id=\"nr\"] || body","bookName":"td[@class=odd].a.@text || h1.@text","statusText":"td[@class=even][-1]","lastUpdateDate":"td[@class=odd][2] || div[@id=info].p[@text=最后更新：][0]#最后更新： @=>","desc":"notextno || div[@id=intro].p"},"forGetMethod":true,"params":{"searchtype":"articlename","searchkey":"%@"},"nextPageForGetMedthod":true,"maxPageCount":1,"url":"https:\/\/www.lingyutxt.com\/modules\/article\/search.php"},"name":"灵域小说"}