{
  "bookWorld" : {
    "综合排行榜" : {
      "urls" : {
        "forGetMethod" : true,
        "parser" : {
          "_2" : {
            "_1" : {
              "url" : [
                "_id",
                "@dyn:check(!content, return nil); format('http:\/\/api.zhuishushenqi.com\/ranking\/%@', content)"
              ],
              "name" : "@def:周榜"
            },
            "sex" : "@def:1",
            "_list" : "female",
            "name" : "shortTitle",
            "_2" : {
              "name" : "@def:月榜",
              "url" : [
                "monthRank",
                "@dyn:check(!content, return nil); format('http:\/\/api.zhuishushenqi.com\/ranking\/%@', content)"
              ]
            },
            "_3" : {
              "name" : "@def:总榜",
              "url" : [
                "totalRank",
                "@dyn:check(!content, return nil); format('http:\/\/api.zhuishushenqi.com\/ranking\/%@', content)"
              ]
            }
          },
          "_1" : {
            "_1" : {
              "name" : "@def:周榜",
              "url" : [
                "_id",
                "@dyn:check(!content, return nil); format('http:\/\/api.zhuishushenqi.com\/ranking\/%@', content)"
              ]
            },
            "sex" : "@def:0",
            "_list" : "male",
            "name" : "shortTitle",
            "_2" : {
              "name" : "@def:月榜",
              "url" : [
                "monthRank",
                "@dyn:check(!content, return nil); format('http:\/\/api.zhuishushenqi.com\/ranking\/%@', content)"
              ]
            },
            "_3" : {
              "name" : "@def:总榜",
              "url" : [
                "totalRank",
                "@dyn:check(!content, return nil); format('http:\/\/api.zhuishushenqi.com\/ranking\/%@', content)"
              ]
            }
          }
        },
        "params" : {

        },
        "url" : "http:\/\/api.zhuishushenqi.com\/ranking\/gender"
      },
      "forGetMethod" : true,
      "weight" : "1000",
      "type" : 2,
      "parser" : {
        "author" : "author",
        "_1" : {
          "type" : "@def:1000",
          "helpId" : "_id"
        },
        "_list" : "ranking.books",
        "bookName" : "title",
        "retentionRatio" : "retentionRatio",
        "coverUrl" : [
          "cover",
          "@dyn:u=ContentFormat.ToSingleText:content;check(!u, return nil); format('http:\/\/statics.zhuishushenqi.com%@', u)"
        ],
        "typeText" : "majorCate",
        "desc" : "shortIntro"
      },
      "params" : {

      }
    },
    "综合书籍分类" : {
      "nextPageParams" : {

      },
      "parser" : {
        "author" : "author",
        "desc" : "shortIntro",
        "_1" : {
          "type" : "@def:1000",
          "helpId" : "_id"
        },
        "_list" : "books",
        "bookName" : "title",
        "retentionRatio" : "retentionRatio",
        "coverUrl" : [
          "cover",
          "@dyn:u=ContentFormat.ToSingleText:content;check(!u, return nil); format('http:\/\/statics.zhuishushenqi.com%@', u)"
        ],
        "typeText" : "@dyn:t=content.objectForKey:cat; check(t, return t); content.objectForKey:majorCate",
        "tags" : "tags"
      },
      "forGetMethod" : true,
      "params" : {
        "start" : "@dyn:calc(pageIndex * 20)",
        "limit" : "20",
        "type" : "reputation"
      },
      "nextPageForGetMedthod" : true,
      "maxPageCount" : "50",
      "urls" : {
        "forGetMethod" : true,
        "parser" : {
          "_2" : {
            "_2" : {
              "name" : "@def:全部",
              "url" : [
                "major",
                "@dyn:check(!content, return nil);\nformat('http:\/\/api.zhuishushenqi.com\/book\/by-categories?gender=female&major=%@', content)"
              ]
            },
            "sex" : "@def:1",
            "_list" : "female",
            "_3" : {
              "_list" : "mins",
              "name" : "_root",
              "url" : [
                "_root",
                "@dyn:m=parent.objectForKey:name; format('http:\/\/api.zhuishushenqi.com\/book\/by-categories?gender=female&major=%@&minor=%@', m, content)"
              ]
            },
            "url" : [
              "major",
              "@dyn:check(!content, return nil);\nformat('http:\/\/api.zhuishushenqi.com\/book\/by-categories?gender=female&major=%@', content)"
            ],
            "name" : "major"
          },
          "_1" : {
            "url" : [
              "major",
              "@dyn:check(!content, return nil);\nformat('http:\/\/api.zhuishushenqi.com\/book\/by-categories?gender=male&major=%@', content)"
            ],
            "sex" : "@def:0",
            "_3" : {
              "_list" : "mins",
              "name" : "_root",
              "url" : [
                "_root",
                "@dyn:m=parent.objectForKey:name; format('http:\/\/api.zhuishushenqi.com\/book\/by-categories?gender=male&major=%@&minor=%@', m, content)"
              ]
            },
            "name" : "major",
            "_2" : {
              "name" : "@def:全部",
              "url" : [
                "major",
                "@dyn:check(!content, return nil);\nformat('http:\/\/api.zhuishushenqi.com\/book\/by-categories?gender=male&major=%@', content)"
              ]
            },
            "_list" : "male"
          }
        },
        "params" : {

        },
        "url" : "http:\/\/api.zhuishushenqi.com\/cats\/lv2"
      },
      "weight" : "1000"
    }
  },
  "weight" : 14,
  "needSupportDynTask" : false,
  "searchSource" : {
    "url" : "@dyn:u=source.helpId;check(!u, return nil);format('http:\/\/api.zhuishushenqi.com\/toc?view=summary&book=%@', u)",
    "multi" : true,
    "parser" : {
      "helpId" : "_id",
      "dirURL" : "link",
      "webName" : [
        "name",
        "@dyn:check(!content, return nil); return format('%@_书',content)"
      ],
      "_list" : "_root",
      "lastChapterTitle" : "lastChapter",
      "chaptersCount" : "chaptersCount",
      "type" : "@def:1001",
      "index" : [
        "name",
        "@regex:176小说 @=>1000"
      ]
    },
    "forGetMethod" : true,
    "params" : {

    },
    "weight" : "1000"
  },
  "responseType" : 0,
  "authorInfo" : "",
  "enable" : true,
  "name" : "追书神器",
  "chapterDetail" : {
    "priorityEncoding" : 4,
    "forGetMethod" : true,
    "parser" : {
      "content" : [
        "chapter",
        "@dyn:vp=content.objectForKey:isVip; check(vp == 1, return nil); cp=content.objectForKey:cpContent; check(cp, return cp); return content.objectForKey:body"
      ]
    },
    "params" : {

    },
    "url" : "@dyn:u=chapter.url; check(!u, return nil); bu=JxdSecuritySub.Utf8Encoded:u; idx=JxdRandom.RandomWithMin:1 max:100; format('http:\/\/chapter%@.zhuishushenqi.com\/chapter\/%@',idx, bu);",
    "weight" : "1000"
  },
  "bookWorldGroupName" : "追书&起点",
  "priorityEncoding" : 4,
  "thinkingWord" : {
    "forGetMethod" : true,
    "parser" : {
      "_list" : "keywords",
      "keyword" : "_root"
    },
    "params" : {

    },
    "url" : "http:\/\/api.zhuishushenqi.com\/book\/auto-complete?query=%@",
    "weight" : "1000"
  },
  "lastModifyTime" : "2018-12-06 20:38:42",
  "homeUrl" : "http:\/\/api.zhuishushenqi.com\/",
  "searchBook" : {
    "weight" : "1000",
    "parser" : {
      "author" : "author",
      "_1" : {
        "type" : "@def:1000",
        "helpId" : "_id"
      },
      "wordCount" : "wordCount",
      "_list" : "books",
      "bookName" : "title",
      "retentionRatio" : "retentionRatio",
      "coverUrl" : [
        "cover",
        "@dyn:u=ContentFormat.ToSingleText:content;check(!u, return nil); format('http:\/\/statics.zhuishushenqi.com%@', u)"
      ],
      "desc" : "shortIntro",
      "typeText" : "@dyn:t=content.objectForKey:cat; check(t, return t); content.objectForKey:majorCate"
    },
    "forGetMethod" : 1,
    "params" : {
      "start" : "0",
      "query" : "%@",
      "v" : "1",
      "limit" : "20"
    },
    "nextPageForGetMedthod" : 1,
    "maxPageCount" : "10",
    "nextPageParams" : {
      "start" : "@dyn:calc(20 * pageIndex)",
      "limit" : "50",
      "query" : "%@"
    },
    "nextPageUrl" : [
      "@json:total",
      "@dyn:n=calc(content \/ 20);\ncheck(n > pageIndex, return self.url);\nreturn nil"
    ],
    "url" : "http:\/\/api.zhuishushenqi.com\/book\/fuzzy-search"
  },
  "httpConfigs" : {
    "headers" : {

    },
    "httpCreateCode" : "Http.ZsInstance",
    "useCookies" : true
  },
  "password" : "",
  "authorId" : "6d2370e2088b9556423c257fd3f8c5dd",
  "sourceDetail" : {
    "forGetMethod" : true,
    "parser" : {
      "webName" : [
        "name",
        "@dyn:check(!content, return nil); return format('%@_书',content)"
      ],
      "lastUpdateDate" : "mixToc.chaptersUpdated || updated",
      "_1" : {
        "_list" : "mixToc.chapters || chapters",
        "title" : "title",
        "url" : "link"
      }
    },
    "params" : {

    },
    "url" : "@dyn:d=source.helpId; check(!d, return nil);nType=source.type;check(nType==1000, return format('http:\/\/api.zhuishushenqi.com\/mix-toc\/%@', d)); check(nType==1001, return format('http:\/\/api.zhuishushenqi.com\/toc\/%@?view=chapters', d));return nil",
    "weight" : "1000"
  },
  "bookDetail" : {
    "forGetMethod" : true,
    "parser" : {
      "typeText" : "cat",
      "wordCount" : "wordCount",
      "statusText" : [
        "isSerial",
        "@dyn:c=ContentFormat.ToSingleText:content;check(c==1, return 连载); return 完本"
      ],
      "retentionRatio" : "retentionRatio",
      "coverUrl" : [
        "cover",
        "@dyn:u=ContentFormat.ToSingleText:content;check(!u, return nil); format('http:\/\/statics.zhuishushenqi.com%@', u)"
      ],
      "lastUpdateDate" : "updated",
      "desc" : "longIntro",
      "tags" : "tags"
    },
    "params" : {

    },
    "url" : "@dyn:u=source.helpId; check(!u, return nil); format('http:\/\/api.zhuishushenqi.com\/book\/%@', u)",
    "weight" : "1000"
  }
}
